,Kingdom,Phylum,Class,Order,Family,Genus,Species,name,p0.00005.r0.6,p0.00001.r0.6,p0.000005.r0.6,p0.000001.r0.6,p0.00005.r0.8,p0.00001.r0.8,p0.000005.r0.8,p0.000001.r0.8
Otu00195,k__Fungi,p__Ascomycota,p__Ascomycota_unclassified,p__Ascomycota_unclassified,p__Ascomycota_unclassified,p__Ascomycota_unclassified,p__Ascomycota_unclassified,Otu00195,1,1,1,0,1,1,1,0
Otu00529,k__Fungi,p__Ascomycota,c__Eurotiomycetes,c__Eurotiomycetes_unclassified,c__Eurotiomycetes_unclassified,c__Eurotiomycetes_unclassified,c__Eurotiomycetes_unclassified,Otu00529,1,1,1,1,1,1,1,1
Otu00714,k__Fungi,p__Ascomycota,c__Eurotiomycetes,c__Eurotiomycetes_unclassified,c__Eurotiomycetes_unclassified,c__Eurotiomycetes_unclassified,c__Eurotiomycetes_unclassified,Otu00714,1,1,0,0,1,1,0,0
Botu00190,Bacteria,Acidobacteria,Blastocatellia_(Subgroup_4),Blastocatellales,Blastocatellaceae,uncultured,NA,Botu00190,1,0,0,0,1,0,0,0
Botu01450,Bacteria,Chloroflexi,Chloroflexia,Thermomicrobiales,JG30-KF-CM45,JG30-KF-CM45_ge,NA,Botu01450,1,1,0,0,1,1,0,0
Botu00028,Archaea,Thaumarchaeota,Nitrososphaeria,Nitrososphaerales,Nitrososphaeraceae,Nitrososphaeraceae_ge,NA,Botu00028,1,1,1,0,1,1,1,0
Otu00073,k__Fungi,p__Ascomycota,c__Sordariomycetes,o__Hypocreales,o__Hypocreales_unclassified,o__Hypocreales_unclassified,o__Hypocreales_unclassified,Otu00073,1,0,0,0,1,0,0,0
Otu00151,k__Fungi,p__Ascomycota,c__Eurotiomycetes,o__Eurotiales,f__Aspergillaceae,g__Penicillium,s__Penicillium_pimiteouiense,Otu00151,1,0,0,0,1,0,0,0
Otu00079,k__Fungi,p__Ascomycota,c__Sordariomycetes,o__Chaetosphaeriales,f__Chaetosphaeriaceae,f__Chaetosphaeriaceae_unclassified,f__Chaetosphaeriaceae_unclassified,Otu00079,1,0,0,1,1,0,0,1
Botu00009,Bacteria,Verrucomicrobia,Verrucomicrobiae,Chthoniobacterales,Chthoniobacteraceae,Candidatus_Udaeobacter,NA,Botu00009,1,0,0,0,1,0,0,0
Botu00173,Bacteria,Acidobacteria,Acidobacteriia,Acidobacteriales,uncultured,uncultured_ge,NA,Botu00173,1,0,0,1,1,0,0,1
Botu00222,Bacteria,Proteobacteria,Alphaproteobacteria,Rhizobiales,Rhizobiaceae,Rhizobiaceae_unclassified,NA,Botu00222,1,0,0,0,1,0,0,0
Botu00253,Bacteria,Verrucomicrobia,Verrucomicrobiae,Chthoniobacterales,Chthoniobacteraceae,Candidatus_Udaeobacter,NA,Botu00253,1,0,0,0,1,0,0,0
Botu00301,Bacteria,Actinobacteria,Thermoleophilia,Gaiellales,uncultured,uncultured_ge,NA,Botu00301,1,1,1,1,1,1,1,1
Botu00126,Bacteria,Actinobacteria,Actinobacteria,Frankiales,Nakamurellaceae,Nakamurella,NA,Botu00126,1,0,0,0,1,0,0,0
Botu00789,Bacteria,Bacteroidetes,Bacteroidia,Cytophagales,Microscillaceae,Ohtaekwangia,NA,Botu00789,1,0,0,1,1,0,0,1
Botu00869,Bacteria,Proteobacteria,Alphaproteobacteria,Alphaproteobacteria_unclassified,Alphaproteobacteria_unclassified,Alphaproteobacteria_unclassified,NA,Botu00869,1,1,0,1,1,1,0,1
Botu00100,Bacteria,Actinobacteria,Actinobacteria,Micrococcales,Intrasporangiaceae,Intrasporangiaceae_unclassified,NA,Botu00100,1,0,0,0,1,0,0,0
Botu00181,Bacteria,Proteobacteria,Gammaproteobacteria,PLTA13,PLTA13_fa,PLTA13_ge,NA,Botu00181,1,0,0,0,1,0,0,0
Botu00270,Bacteria,Proteobacteria,Alphaproteobacteria,Rhizobiales,Rhizobiaceae,Rhizobiaceae_unclassified,NA,Botu00270,1,0,0,0,1,0,0,0
Botu01897,Bacteria,Firmicutes,Bacilli,Bacillales,Planococcaceae,Planococcaceae_unclassified,NA,Botu01897,1,0,0,0,1,0,0,0
Botu00280,Bacteria,Actinobacteria,Thermoleophilia,Gaiellales,Gaiellales_unclassified,Gaiellales_unclassified,NA,Botu00280,1,0,1,0,1,0,1,0
Botu00399,Bacteria,Actinobacteria,Actinobacteria,Streptosporangiales,Thermomonosporaceae,Actinoallomurus,NA,Botu00399,1,1,1,0,1,1,1,0
Botu00496,Bacteria,Actinobacteria,Thermoleophilia,Solirubrobacterales,67-14,67-14_ge,NA,Botu00496,1,1,0,0,1,1,0,0
Botu00857,Bacteria,Latescibacteria,Latescibacteria_cl,Latescibacteria_or,Latescibacteria_fa,Latescibacteria_ge,NA,Botu00857,1,0,0,0,1,0,0,0
Botu00382,Bacteria,Gemmatimonadetes,Gemmatimonadetes,Gemmatimonadales,Gemmatimonadaceae,uncultured,NA,Botu00382,1,0,0,0,1,0,0,0
Botu00548,Bacteria,Proteobacteria,Deltaproteobacteria,Myxococcales,Archangiaceae,Anaeromyxobacter,NA,Botu00548,1,0,0,0,1,0,0,0
Botu00070,Bacteria,Rokubacteria,NC10,Rokubacteriales,Rokubacteriales_fa,Rokubacteriales_ge,NA,Botu00070,1,0,0,0,1,0,0,0
Botu00487,Bacteria,Firmicutes,Bacilli,Bacillales,Planococcaceae,Sporosarcina,NA,Botu00487,1,1,0,0,1,1,0,0
Botu00403,Bacteria,Actinobacteria,Thermoleophilia,Solirubrobacterales,67-14,67-14_ge,NA,Botu00403,1,0,0,0,1,0,0,0
Botu00394,Bacteria,Actinobacteria,Thermoleophilia,Gaiellales,uncultured,uncultured_ge,NA,Botu00394,1,0,0,0,1,0,0,0
Otu00657,k__Fungi,p__Ascomycota,c__Eurotiomycetes,o__Onygenales,f__Gymnoascaceae,g__unclassified_Gymnoascaceae,s__Gymnoascaceae_sp,Otu00657,1,0,0,0,1,0,0,0
Otu00339,k__Fungi,p__Ascomycota,c__Sordariomycetes,o__Sordariales,f__Lasiosphaeriaceae,g__Podospora,g__Podospora_unclassified,Otu00339,1,0,0,0,1,0,0,0
Botu00256,Bacteria,Actinobacteria,Actinobacteria,Micromonosporales,Micromonosporaceae,Luedemannella,NA,Botu00256,1,1,1,0,1,1,1,0
Otu00261,k__Fungi,p__Ascomycota,c__Sordariomycetes,o__Hypocreales,f__Hypocreaceae,g__Trichoderma,g__Trichoderma_unclassified,Otu00261,1,0,0,0,1,0,0,0
Botu00357,Bacteria,Proteobacteria,Gammaproteobacteria,Betaproteobacteriales,Nitrosomonadaceae,MND1,NA,Botu00357,1,1,0,0,1,1,0,0
Botu00646,Bacteria,Latescibacteria,Latescibacteria,Latescibacterales,Latescibacteraceae,Latescibacteraceae_ge,NA,Botu00646,1,0,0,0,1,0,0,0
Botu01284,Bacteria,Actinobacteria,Acidimicrobiia,Acidimicrobiia_unclassified,Acidimicrobiia_unclassified,Acidimicrobiia_unclassified,NA,Botu01284,1,1,1,0,1,1,1,0
Botu00049,Bacteria,Actinobacteria,MB-A2-108,MB-A2-108_or,MB-A2-108_fa,MB-A2-108_ge,NA,Botu00049,1,0,0,0,1,0,0,0
Otu00774,k__Fungi,p__Ascomycota,c__Eurotiomycetes,o__Onygenales,f__Onygenaceae,g__Auxarthron,s__Auxarthron_umbrinum,Otu00774,1,0,0,0,1,0,0,0
Botu02219,Bacteria,Gemmatimonadetes,Gemmatimonadetes,Gemmatimonadales,Gemmatimonadaceae,Gemmatimonadaceae_unclassified,NA,Botu02219,1,0,0,0,1,0,0,0
Botu00226,Bacteria,Acidobacteria,Subgroup_5,Subgroup_5_or,Subgroup_5_fa,Subgroup_5_ge,NA,Botu00226,1,0,0,0,1,0,0,0
Botu00932,Bacteria,Planctomycetes,Planctomycetacia,Pirellulales,Pirellulaceae,uncultured,NA,Botu00932,1,0,0,1,1,0,0,1
Botu00050,Bacteria,Acidobacteria,Subgroup_6,Subgroup_6_or,Subgroup_6_fa,Subgroup_6_ge,NA,Botu00050,1,1,0,0,1,1,0,0
Botu00200,Bacteria,Actinobacteria,Thermoleophilia,Gaiellales,uncultured,uncultured_ge,NA,Botu00200,1,0,0,0,1,0,0,0
Botu00068,Bacteria,Chloroflexi,AD3,AD3_or,AD3_fa,AD3_ge,NA,Botu00068,1,0,0,1,1,0,0,1
Botu00451,Bacteria,Actinobacteria,Thermoleophilia,Gaiellales,uncultured,uncultured_ge,NA,Botu00451,1,0,0,0,1,0,0,0
Botu00245,Bacteria,Latescibacteria,Latescibacteria_cl,Latescibacteria_or,Latescibacteria_fa,Latescibacteria_ge,NA,Botu00245,1,0,0,0,1,0,0,0
Otu00029,k__Fungi,p__Mortierellomycota,c__Mortierellomycetes,o__Mortierellales,f__Mortierellaceae,g__Mortierella,g__Mortierella_unclassified,Otu00029,1,0,0,0,1,0,0,0
Otu00245,k__Fungi,p__Ascomycota,c__Eurotiomycetes,o__Eurotiales,f__Aspergillaceae,g__Aspergillus,g__Aspergillus_unclassified,Otu00245,0,1,0,0,0,1,0,0
Botu00430,Bacteria,Chloroflexi,Chloroflexia,Thermomicrobiales,JG30-KF-CM45,JG30-KF-CM45_ge,NA,Botu00430,0,1,1,0,0,1,1,0
Botu01266,Bacteria,Armatimonadetes,uncultured,uncultured_or,uncultured_fa,uncultured_ge,NA,Botu01266,0,1,0,0,0,1,0,0
Botu01278,Bacteria,Acidobacteria,Subgroup_25,Subgroup_25_or,Subgroup_25_fa,Subgroup_25_ge,NA,Botu01278,0,1,0,0,0,1,0,0
Botu00625,Bacteria,Firmicutes,Bacilli,Bacillales,Bacillales_unclassified,Bacillales_unclassified,NA,Botu00625,0,1,0,1,0,1,0,1
Botu02285,Bacteria,Proteobacteria,Alphaproteobacteria,Acetobacterales,Acetobacteraceae,uncultured,NA,Botu02285,0,1,0,0,0,1,0,0
Botu00255,Bacteria,Proteobacteria,Gammaproteobacteria,Betaproteobacteriales,Nitrosomonadaceae,Ellin6067,NA,Botu00255,0,1,0,0,0,1,0,0
Otu00374,k__Fungi,p__Ascomycota,c__Eurotiomycetes,o__Chaetothyriales,f__Herpotrichiellaceae,g__Cladophialophora,s__Cladophialophora_sp,Otu00374,0,1,0,0,0,1,0,0
Botu00087,Archaea,Thaumarchaeota,Nitrososphaeria,Nitrososphaerales,Nitrososphaeraceae,Candidatus_Nitrososphaera,NA,Botu00087,0,1,0,0,0,1,0,0
Botu00092,Bacteria,Bacteroidetes,Bacteroidia,Chitinophagales,Chitinophagaceae,Chitinophagaceae_unclassified,NA,Botu00092,0,1,1,0,0,1,1,0
Botu00024,Bacteria,Firmicutes,Bacilli,Bacillales,Bacillales_unclassified,Bacillales_unclassified,NA,Botu00024,0,0,1,0,0,0,1,0
Botu00192,Bacteria,Chloroflexi,Gitt-GS-136,Gitt-GS-136_or,Gitt-GS-136_fa,Gitt-GS-136_ge,NA,Botu00192,0,0,1,0,0,0,1,0
Botu00045,Bacteria,Nitrospirae,Nitrospira,Nitrospirales,Nitrospiraceae,Nitrospira,NA,Botu00045,0,0,0,1,0,0,0,1
Botu00414,Bacteria,Planctomycetes,OM190,OM190_or,OM190_fa,OM190_ge,NA,Botu00414,0,0,0,1,0,0,0,1
Botu00803,Bacteria,Acidobacteria,Acidobacteriia,Subgroup_2,Subgroup_2_fa,Subgroup_2_ge,NA,Botu00803,0,0,0,1,0,0,0,1
Botu01055,Bacteria,Bacteroidetes,Bacteroidia,Cytophagales,Microscillaceae,uncultured,NA,Botu01055,0,0,0,1,0,0,0,1
Otu00088,k__Fungi,p__Ascomycota,c__Leotiomycetes,o__Helotiales,f__Helotiaceae,g__Tetracladium,s__Tetracladium_sp,Otu00088,0,0,0,1,0,0,0,1
Botu00005,Archaea,Thaumarchaeota,Nitrososphaeria,Nitrososphaerales,Nitrososphaeraceae,Nitrososphaeraceae_ge,NA,Botu00005,0,0,0,1,0,0,0,1
Botu00055,Bacteria,Actinobacteria,Actinobacteria,Micrococcales,Microbacteriaceae,Microbacterium,NA,Botu00055,0,0,0,1,0,0,0,1
Botu00177,Bacteria,Proteobacteria,Gammaproteobacteria,Betaproteobacteriales,Nitrosomonadaceae,IS-44,NA,Botu00177,0,0,0,1,0,0,0,1
Botu00272,Bacteria,Acidobacteria,Blastocatellia_(Subgroup_4),Pyrinomonadales,Pyrinomonadaceae,RB41,NA,Botu00272,0,0,0,1,0,0,0,1
