,Kingdom,Phylum,Class,Order,Family,Genus,Species,name,p0.05.r0.6,p0.01.r0.6,p0.005.r0.6,p0.001.r0.6,p0.05.r0.8,p0.01.r0.8,p0.005.r0.8,p0.001.r0.8
Otu0061,k__Fungi,p__Ascomycota,p__Ascomycota_unclassified,p__Ascomycota_unclassified,p__Ascomycota_unclassified,p__Ascomycota_unclassified,p__Ascomycota_unclassified,Otu0061,1,1,1,0,0,0,0,0
Otu0089,k__Fungi,p__Ascomycota,c__Lecanoromycetes,o__Caliciales,f__Physciaceae,g__Phaeophyscia,g__Phaeophyscia_unclassified,Otu0089,1,0,1,0,1,1,1,0
Otu0253,k__Fungi,p__Ascomycota,c__Lecanoromycetes,c__Lecanoromycetes_unclassified,c__Lecanoromycetes_unclassified,c__Lecanoromycetes_unclassified,c__Lecanoromycetes_unclassified,Otu0253,1,1,0,0,1,1,1,0
Botu0034,Bacteria,Actinobacteria,Actinobacteria,Pseudonocardiales,Pseudonocardiaceae,Pseudonocardia,NA,Botu0034,1,0,0,0,0,0,0,0
Botu0082,Bacteria,Actinobacteria,Actinobacteria,Pseudonocardiales,Pseudonocardiaceae,Pseudonocardia,NA,Botu0082,1,0,0,0,0,0,0,0
Botu0093,Bacteria,Bacteroidetes,Bacteroidia,Chitinophagales,Chitinophagaceae,Chitinophagaceae_unclassified,NA,Botu0093,1,0,0,0,0,0,0,0
Botu0119,Bacteria,Bacteroidetes,Bacteroidia,Cytophagales,Spirosomaceae,Spirosoma,NA,Botu0119,1,1,1,0,1,1,1,0
Otu0005,k__Fungi,p__Ascomycota,c__Eurotiomycetes,o__Phaeomoniellales,o__Phaeomoniellales_unclassified,o__Phaeomoniellales_unclassified,o__Phaeomoniellales_unclassified,Otu0005,1,0,0,0,0,0,0,0
Otu0037,k__Fungi,p__Ascomycota,c__Eurotiomycetes,o__Coryneliales,f__Coryneliaceae,g__Caliciopsis,s__Caliciopsis_valentina,Otu0037,1,1,1,0,1,1,1,0
Otu0058,k__Fungi,p__Ascomycota,p__Ascomycota_unclassified,p__Ascomycota_unclassified,p__Ascomycota_unclassified,p__Ascomycota_unclassified,p__Ascomycota_unclassified,Otu0058,1,0,0,0,0,0,0,0
Otu0062,k__Fungi,p__Ascomycota,c__Dothideomycetes,o__Pleosporales,f__unclassified_Pleosporales,g__unclassified_Pleosporales,s__Pleosporales_sp,Otu0062,1,0,0,0,0,0,0,0
Otu0091,k__Fungi,p__Ascomycota,c__Lecanoromycetes,c__Lecanoromycetes_unclassified,c__Lecanoromycetes_unclassified,c__Lecanoromycetes_unclassified,c__Lecanoromycetes_unclassified,Otu0091,1,1,0,0,0,0,0,0
Otu0104,k__Fungi,p__Ascomycota,p__Ascomycota_unclassified,p__Ascomycota_unclassified,p__Ascomycota_unclassified,p__Ascomycota_unclassified,p__Ascomycota_unclassified,Otu0104,1,0,0,0,0,0,0,0
Botu0071,Bacteria,Bacteroidetes,Bacteroidia,Cytophagales,Spirosomaceae,Spirosoma,NA,Botu0071,1,1,1,0,1,1,1,0
Botu0170,Bacteria,Actinobacteria,Actinobacteria,Actinobacteria_unclassified,Actinobacteria_unclassified,Actinobacteria_unclassified,NA,Botu0170,1,0,1,0,1,1,1,0
Botu0219,Bacteria,Proteobacteria,Alphaproteobacteria,Acetobacterales,Acetobacteraceae,Acetobacteraceae_unclassified,NA,Botu0219,1,1,0,0,0,0,0,0
Botu0240,Bacteria,Proteobacteria,Alphaproteobacteria,Rhodobacterales,Rhodobacteraceae,Rubellimicrobium,NA,Botu0240,1,0,0,0,0,0,0,0
Botu0253,Bacteria,Proteobacteria,Alphaproteobacteria,Acetobacterales,Acetobacteraceae,Roseomonas,NA,Botu0253,1,1,1,0,1,1,1,0
Botu0274,Bacteria,Gemmatimonadetes,Gemmatimonadetes,Gemmatimonadales,Gemmatimonadaceae,Gemmatirosa,NA,Botu0274,1,0,1,0,1,1,1,0
Botu0347,Bacteria,Proteobacteria,Alphaproteobacteria,Acetobacterales,Acetobacteraceae,Acetobacteraceae_unclassified,NA,Botu0347,1,1,1,0,0,0,0,0
Botu0077,Bacteria,Proteobacteria,Alphaproteobacteria,Rhizobiales,Beijerinckiaceae,Methylobacterium,NA,Botu0077,1,0,0,0,0,0,0,0
Botu0120,Bacteria,Bacteroidetes,Bacteroidia,Chitinophagales,Chitinophagaceae,Chitinophagaceae_unclassified,NA,Botu0120,1,1,1,0,0,0,0,0
Botu0454,Bacteria,Cyanobacteria,Oxyphotobacteria,Oxyphotobacteria_unclassified,Oxyphotobacteria_unclassified,Oxyphotobacteria_unclassified,NA,Botu0454,1,1,1,0,0,0,0,0
Otu0274,k__Fungi,p__Ascomycota,c__Dothideomycetes,o__Pleosporales,o__Pleosporales_unclassified,o__Pleosporales_unclassified,o__Pleosporales_unclassified,Otu0274,1,0,0,0,0,0,0,0
Otu0019,k__Fungi,p__Ascomycota,p__Ascomycota_unclassified,p__Ascomycota_unclassified,p__Ascomycota_unclassified,p__Ascomycota_unclassified,p__Ascomycota_unclassified,Otu0019,1,1,1,0,1,1,1,0
Otu0068,k__Fungi,p__Ascomycota,p__Ascomycota_unclassified,p__Ascomycota_unclassified,p__Ascomycota_unclassified,p__Ascomycota_unclassified,p__Ascomycota_unclassified,Otu0068,1,1,0,0,0,0,0,0
Otu0167,k__Fungi,p__Ascomycota,p__Ascomycota_unclassified,p__Ascomycota_unclassified,p__Ascomycota_unclassified,p__Ascomycota_unclassified,p__Ascomycota_unclassified,Otu0167,1,1,0,0,0,0,0,0
Botu0008,Bacteria,Actinobacteria,Actinobacteria,Pseudonocardiales,Pseudonocardiaceae,Actinomycetospora,NA,Botu0008,1,1,0,0,0,0,0,0
Botu0035,Bacteria,Proteobacteria,Alphaproteobacteria,Rhizobiales,Beijerinckiaceae,Methylobacterium,NA,Botu0035,1,1,1,0,1,1,1,0
Botu0148,Bacteria,Bacteroidetes,Bacteroidia,Cytophagales,Hymenobacteraceae,Hymenobacter,NA,Botu0148,1,1,1,0,1,1,1,0
Botu0214,Bacteria,Chloroflexi,Chloroflexi_unclassified,Chloroflexi_unclassified,Chloroflexi_unclassified,Chloroflexi_unclassified,NA,Botu0214,1,1,1,0,0,0,0,0
Otu0066,k__Fungi,p__Ascomycota,c__Eurotiomycetes,o__Chaetothyriales,f__Herpotrichiellaceae,g__Rhinocladiella,s__Rhinocladiella_sp,Otu0066,1,1,0,0,0,0,0,0
Otu0221,k__Fungi,p__Ascomycota,c__Lecanoromycetes,o__Caliciales,f__Physciaceae,g__Physciella,s__Physciella_chloantha,Otu0221,1,0,1,0,0,0,0,0
Otu0357,k__Fungi,p__Ascomycota,c__Eurotiomycetes,o__Phaeomoniellales,f__Phaeomoniellaceae,f__Phaeomoniellaceae_unclassified,f__Phaeomoniellaceae_unclassified,Otu0357,1,1,1,0,0,0,0,0
Botu0073,Bacteria,Proteobacteria,Alphaproteobacteria,Caulobacterales,Caulobacteraceae,Caulobacteraceae_unclassified,NA,Botu0073,1,1,1,0,0,0,0,0
Otu0309,k__Fungi,p__Ascomycota,c__Dothideomycetes,o__Myriangiales,f__Elsinoaceae,g__Sphaceloma,g__Sphaceloma_unclassified,Otu0309,0,0,0,0,1,1,1,0
Botu0094,Bacteria,Proteobacteria,Alphaproteobacteria,Rhizobiales,Beijerinckiaceae,1174-901-12,NA,Botu0094,0,0,1,0,1,1,1,0
Botu0388,Bacteria,Proteobacteria,Alphaproteobacteria,Rhizobiales,Beijerinckiaceae,Beijerinckiaceae_unclassified,NA,Botu0388,0,1,0,0,1,1,1,0
Otu0203,k__Fungi,p__Ascomycota,c__Eurotiomycetes,o__Chaetothyriales,f__Chaetothyriales_fam_Incertae_sedis,g__Strelitziana,s__Strelitziana_africana,Otu0203,0,0,0,0,1,1,1,0
Botu0592,Bacteria,Verrucomicrobia,Verrucomicrobiae,Chthoniobacterales,Chthoniobacteraceae,Chthoniobacter,NA,Botu0592,0,0,0,0,1,1,1,0
Botu0356,Bacteria,Acidobacteria,Acidobacteriia,Acidobacteriales,Acidobacteriaceae_(Subgroup_1),Acidobacteriaceae_(Subgroup_1)_unclassified,NA,Botu0356,0,0,0,0,1,1,1,0
Otu0595,k__Fungi,p__Ascomycota,p__Ascomycota_unclassified,p__Ascomycota_unclassified,p__Ascomycota_unclassified,p__Ascomycota_unclassified,p__Ascomycota_unclassified,Otu0595,0,0,0,0,1,1,1,0
Botu0210,Bacteria,Proteobacteria,Alphaproteobacteria,Rhizobiales,Beijerinckiaceae,1174-901-12,NA,Botu0210,0,0,0,0,1,1,1,0
Otu0324,k__Fungi,p__Ascomycota,c__Dothideomycetes,o__Pleosporales,f__Phaeosphaeriaceae,g__Paraphoma,s__Paraphoma_sp,Otu0324,0,0,0,0,1,1,1,0
Botu0316,Bacteria,Chloroflexi,Ktedonobacteria,C0119,C0119_fa,C0119_ge,NA,Botu0316,0,0,1,0,1,1,1,0
Botu0074,Bacteria,Proteobacteria,Alphaproteobacteria,Sphingomonadales,Sphingomonadaceae,Sphingomonadaceae_unclassified,NA,Botu0074,0,0,0,0,1,1,1,0
Botu0488,Bacteria,Proteobacteria,Alphaproteobacteria,Rhizobiales,Beijerinckiaceae,1174-901-12,NA,Botu0488,0,0,0,0,1,1,1,0
Botu0053,Bacteria,Proteobacteria,Alphaproteobacteria,Rhizobiales,Beijerinckiaceae,Beijerinckiaceae_unclassified,NA,Botu0053,0,1,1,0,0,0,0,0
Otu0175,k__Fungi,p__Ascomycota,p__Ascomycota_unclassified,p__Ascomycota_unclassified,p__Ascomycota_unclassified,p__Ascomycota_unclassified,p__Ascomycota_unclassified,Otu0175,0,1,1,0,0,0,0,0
Otu0238,k__Fungi,p__Ascomycota,c__Dothideomycetes,o__Capnodiales,o__Capnodiales_unclassified,o__Capnodiales_unclassified,o__Capnodiales_unclassified,Otu0238,0,1,0,0,0,0,0,0
Botu0109,Bacteria,Bacteroidetes,Bacteroidia,Cytophagales,Spirosomaceae,Spirosoma,NA,Botu0109,0,1,1,0,0,0,0,0
Botu0044,Bacteria,Proteobacteria,Alphaproteobacteria,Acetobacterales,Acetobacteraceae,Acetobacteraceae_unclassified,NA,Botu0044,0,1,0,0,0,0,0,0
Otu0098,k__Fungi,p__Ascomycota,c__Eurotiomycetes,o__Chaetothyriales,f__Trichomeriaceae,f__Trichomeriaceae_unclassified,f__Trichomeriaceae_unclassified,Otu0098,0,1,0,0,0,0,0,0
Botu0117,Bacteria,Actinobacteria,Actinobacteria,Frankiales,Cryptosporangiaceae,Cryptosporangium,NA,Botu0117,0,1,1,0,0,0,0,0
Otu0130,k__Fungi,p__Ascomycota,c__Eurotiomycetes,o__Chaetothyriales,f__Herpotrichiellaceae,g__Rhinocladiella,s__Rhinocladiella_sp,Otu0130,0,1,1,0,0,0,0,0
Botu0097,Bacteria,Actinobacteria,Actinobacteria,Actinobacteria_unclassified,Actinobacteria_unclassified,Actinobacteria_unclassified,NA,Botu0097,0,1,1,0,0,0,0,0
Botu0134,Bacteria,Acidobacteria,Acidobacteriia,Acidobacteriales,Acidobacteriaceae_(Subgroup_1),Terriglobus,NA,Botu0134,0,0,1,0,0,0,0,0
Botu0648,Bacteria,Acidobacteria,Acidobacteriia,Acidobacteriales,Acidobacteriaceae_(Subgroup_1),Acidobacteriaceae_(Subgroup_1)_unclassified,NA,Botu0648,0,0,1,0,0,0,0,0
Otu0018,k__Fungi,p__Ascomycota,c__Eurotiomycetes,o__Phaeomoniellales,o__Phaeomoniellales_unclassified,o__Phaeomoniellales_unclassified,o__Phaeomoniellales_unclassified,Otu0018,0,0,1,0,0,0,0,0
Botu0611,Bacteria,Proteobacteria,Alphaproteobacteria,Acetobacterales,Acetobacteraceae,Acetobacteraceae_unclassified,NA,Botu0611,0,0,1,0,0,0,0,0
Otu0367,k__Fungi,p__Ascomycota,p__Ascomycota_unclassified,p__Ascomycota_unclassified,p__Ascomycota_unclassified,p__Ascomycota_unclassified,p__Ascomycota_unclassified,Otu0367,0,0,1,0,0,0,0,0
Botu0157,Bacteria,Bacteroidetes,Bacteroidia,Chitinophagales,Chitinophagaceae,Segetibacter,NA,Botu0157,0,0,1,0,0,0,0,0
Otu0154,k__Fungi,p__Ascomycota,c__Eurotiomycetes,o__Chaetothyriales,f__Trichomeriaceae,f__Trichomeriaceae_unclassified,f__Trichomeriaceae_unclassified,Otu0154,0,0,0,0,0,0,0,0
Otu0325,k__Fungi,p__Ascomycota,p__Ascomycota_unclassified,p__Ascomycota_unclassified,p__Ascomycota_unclassified,p__Ascomycota_unclassified,p__Ascomycota_unclassified,Otu0325,0,0,0,0,0,0,0,0
Otu0231,k__Fungi,p__Ascomycota,c__Eurotiomycetes,o__Chaetothyriales,f__Chaetothyriales_fam_Incertae_sedis,g__Strelitziana,s__Strelitziana_africana,Otu0231,0,0,0,0,0,0,0,0
Botu0976,Bacteria,Proteobacteria,Alphaproteobacteria,Rhizobiales,Beijerinckiaceae,Beijerinckiaceae_unclassified,NA,Botu0976,0,0,0,0,0,0,0,0
Otu0015,k__Fungi,p__Ascomycota,p__Ascomycota_unclassified,p__Ascomycota_unclassified,p__Ascomycota_unclassified,p__Ascomycota_unclassified,p__Ascomycota_unclassified,Otu0015,0,0,0,0,0,0,0,0
